{
   "32": {
      "text": " ",
      "x": 0.72265625,
      "y": 0.56640625,
      "width": 0.0390625,
      "height": 0.08984375,
      "baseline": 0.625
   },
   "34": {
      "text": "\"",
      "x": 0.4296875,
      "y": 0.45703125,
      "width": 0.0390625,
      "height": 0.08984375,
      "baseline": 0.515625
   },
   "35": {
      "text": "#",
      "x": 0.37109375,
      "y": 0.45703125,
      "width": 0.0390625,
      "height": 0.08984375,
      "baseline": 0.515625
   },
   "36": {
      "text": "$",
      "x": 0.37109375,
      "y": 0.56640625,
      "width": 0.0390625,
      "height": 0.08984375,
      "baseline": 0.625
   },
   "37": {
      "text": "%",
      "x": 0.6640625,
      "y": 0.56640625,
      "width": 0.0390625,
      "height": 0.08984375,
      "baseline": 0.625
   },
   "38": {
      "text": "&",
      "x": 0.546875,
      "y": 0.45703125,
      "width": 0.0390625,
      "height": 0.08984375,
      "baseline": 0.515625
   },
   "39": {
      "text": "'",
      "x": 0.48828125,
      "y": 0.45703125,
      "width": 0.0390625,
      "height": 0.08984375,
      "baseline": 0.515625
   },
   "40": {
      "text": "(",
      "x": 0.60546875,
      "y": 0.45703125,
      "width": 0.0390625,
      "height": 0.08984375,
      "baseline": 0.515625
   },
   "41": {
      "text": ")",
      "x": 0.6640625,
      "y": 0.45703125,
      "width": 0.0390625,
      "height": 0.08984375,
      "baseline": 0.515625
   },
   "42": {
      "text": "*",
      "x": 0.3125,
      "y": 0.56640625,
      "width": 0.0390625,
      "height": 0.08984375,
      "baseline": 0.625
   },
   "43": {
      "text": "+",
      "x": 0.1953125,
      "y": 0.56640625,
      "width": 0.0390625,
      "height": 0.08984375,
      "baseline": 0.625
   },
   "44": {
      "text": ",",
      "x": 0.8984375,
      "y": 0.34765625,
      "width": 0.0390625,
      "height": 0.08984375,
      "baseline": 0.40625
   },
   "45": {
      "text": "-",
      "x": 0.1953125,
      "y": 0.45703125,
      "width": 0.0390625,
      "height": 0.08984375,
      "baseline": 0.515625
   },
   "46": {
      "text": ".",
      "x": 0.83984375,
      "y": 0.34765625,
      "width": 0.0390625,
      "height": 0.08984375,
      "baseline": 0.40625
   },
   "47": {
      "text": "/",
      "x": 0.01953125,
      "y": 0.56640625,
      "width": 0.0390625,
      "height": 0.08984375,
      "baseline": 0.625
   },
   "48": {
      "text": "0",
      "x": 0.25390625,
      "y": 0.34765625,
      "width": 0.0390625,
      "height": 0.08984375,
      "baseline": 0.40625
   },
   "49": {
      "text": "1",
      "x": 0.3125,
      "y": 0.34765625,
      "width": 0.0390625,
      "height": 0.08984375,
      "baseline": 0.40625
   },
   "50": {
      "text": "2",
      "x": 0.37109375,
      "y": 0.34765625,
      "width": 0.0390625,
      "height": 0.08984375,
      "baseline": 0.40625
   },
   "51": {
      "text": "3",
      "x": 0.4296875,
      "y": 0.34765625,
      "width": 0.0390625,
      "height": 0.08984375,
      "baseline": 0.40625
   },
   "52": {
      "text": "4",
      "x": 0.48828125,
      "y": 0.34765625,
      "width": 0.0390625,
      "height": 0.08984375,
      "baseline": 0.40625
   },
   "53": {
      "text": "5",
      "x": 0.546875,
      "y": 0.34765625,
      "width": 0.0390625,
      "height": 0.08984375,
      "baseline": 0.40625
   },
   "54": {
      "text": "6",
      "x": 0.60546875,
      "y": 0.34765625,
      "width": 0.0390625,
      "height": 0.08984375,
      "baseline": 0.40625
   },
   "55": {
      "text": "7",
      "x": 0.6640625,
      "y": 0.34765625,
      "width": 0.0390625,
      "height": 0.08984375,
      "baseline": 0.40625
   },
   "56": {
      "text": "8",
      "x": 0.72265625,
      "y": 0.34765625,
      "width": 0.0390625,
      "height": 0.08984375,
      "baseline": 0.40625
   },
   "57": {
      "text": "9",
      "x": 0.78125,
      "y": 0.34765625,
      "width": 0.0390625,
      "height": 0.08984375,
      "baseline": 0.40625
   },
   "58": {
      "text": ":",
      "x": 0.078125,
      "y": 0.45703125,
      "width": 0.0390625,
      "height": 0.08984375,
      "baseline": 0.515625
   },
   "59": {
      "text": ";",
      "x": 0.01953125,
      "y": 0.45703125,
      "width": 0.0390625,
      "height": 0.08984375,
      "baseline": 0.515625
   },
   "60": {
      "text": "<",
      "x": 0.546875,
      "y": 0.56640625,
      "width": 0.0390625,
      "height": 0.08984375,
      "baseline": 0.625
   },
   "61": {
      "text": "=",
      "x": 0.25390625,
      "y": 0.56640625,
      "width": 0.0390625,
      "height": 0.08984375,
      "baseline": 0.625
   },
   "62": {
      "text": ">",
      "x": 0.60546875,
      "y": 0.56640625,
      "width": 0.0390625,
      "height": 0.08984375,
      "baseline": 0.625
   },
   "63": {
      "text": "?",
      "x": 0.13671875,
      "y": 0.45703125,
      "width": 0.0390625,
      "height": 0.08984375,
      "baseline": 0.515625
   },
   "64": {
      "text": "@",
      "x": 0.078125,
      "y": 0.56640625,
      "width": 0.0390625,
      "height": 0.08984375,
      "baseline": 0.625
   },
   "65": {
      "text": "A",
      "x": 0.01953125,
      "y": 0.01953125,
      "width": 0.0390625,
      "height": 0.08984375,
      "baseline": 0.078125
   },
   "66": {
      "text": "B",
      "x": 0.078125,
      "y": 0.01953125,
      "width": 0.0390625,
      "height": 0.08984375,
      "baseline": 0.078125
   },
   "67": {
      "text": "C",
      "x": 0.13671875,
      "y": 0.01953125,
      "width": 0.0390625,
      "height": 0.08984375,
      "baseline": 0.078125
   },
   "68": {
      "text": "D",
      "x": 0.1953125,
      "y": 0.01953125,
      "width": 0.0390625,
      "height": 0.08984375,
      "baseline": 0.078125
   },
   "69": {
      "text": "E",
      "x": 0.25390625,
      "y": 0.01953125,
      "width": 0.0390625,
      "height": 0.08984375,
      "baseline": 0.078125
   },
   "70": {
      "text": "F",
      "x": 0.3125,
      "y": 0.01953125,
      "width": 0.0390625,
      "height": 0.08984375,
      "baseline": 0.078125
   },
   "71": {
      "text": "G",
      "x": 0.37109375,
      "y": 0.01953125,
      "width": 0.0390625,
      "height": 0.08984375,
      "baseline": 0.078125
   },
   "72": {
      "text": "H",
      "x": 0.4296875,
      "y": 0.01953125,
      "width": 0.0390625,
      "height": 0.08984375,
      "baseline": 0.078125
   },
   "73": {
      "text": "I",
      "x": 0.48828125,
      "y": 0.01953125,
      "width": 0.0390625,
      "height": 0.08984375,
      "baseline": 0.078125
   },
   "74": {
      "text": "J",
      "x": 0.546875,
      "y": 0.01953125,
      "width": 0.0390625,
      "height": 0.08984375,
      "baseline": 0.078125
   },
   "75": {
      "text": "K",
      "x": 0.60546875,
      "y": 0.01953125,
      "width": 0.0390625,
      "height": 0.08984375,
      "baseline": 0.078125
   },
   "76": {
      "text": "L",
      "x": 0.6640625,
      "y": 0.01953125,
      "width": 0.0390625,
      "height": 0.08984375,
      "baseline": 0.078125
   },
   "77": {
      "text": "M",
      "x": 0.72265625,
      "y": 0.01953125,
      "width": 0.0390625,
      "height": 0.08984375,
      "baseline": 0.078125
   },
   "78": {
      "text": "N",
      "x": 0.78125,
      "y": 0.01953125,
      "width": 0.0390625,
      "height": 0.08984375,
      "baseline": 0.078125
   },
   "79": {
      "text": "O",
      "x": 0.83984375,
      "y": 0.01953125,
      "width": 0.0390625,
      "height": 0.08984375,
      "baseline": 0.078125
   },
   "80": {
      "text": "P",
      "x": 0.8984375,
      "y": 0.01953125,
      "width": 0.0390625,
      "height": 0.08984375,
      "baseline": 0.078125
   },
   "81": {
      "text": "Q",
      "x": 0.01953125,
      "y": 0.12890625,
      "width": 0.0390625,
      "height": 0.08984375,
      "baseline": 0.1875
   },
   "82": {
      "text": "R",
      "x": 0.078125,
      "y": 0.12890625,